Tree	Length	CI	RI	RC	HI
1	8	0.750000	0.666667	0.500000	0.250000
