Tree	Length	CI	RI	RC	HI
1	8	0.750000	0.600000	0.450000	0.250000
