Tree	Length	CI	RI	RC	HI
1	8	0.750000	0.500000	0.375000	0.250000
2	8	0.750000	0.500000	0.375000	0.250000
3	8	0.750000	0.500000	0.375000	0.250000
